Jeremy_Greenstock/Jeremy_Greenstock_0006.png
Bernard_Landry/Bernard_Landry_0002.png
Ronald_Young_Jr/Ronald_Young_Jr_0001.png
Duane_Lee_Chapman/Duane_Lee_Chapman_0002.png
Michael_Patrick_King/Michael_Patrick_King_0002.png
Jeanne_Moreau/Jeanne_Moreau_0001.png
Elmar_Brok/Elmar_Brok_0001.png
Mireille_Jospin-Dandieu/Mireille_Jospin-Dandieu_0001.png
Silvio_Berlusconi/Silvio_Berlusconi_0015.png
Guillermo_Canas/Guillermo_Canas_0004.png
Perry_Farrell/Perry_Farrell_0001.png
Jack_Straw/Jack_Straw_0002.png
Marina_Anissina/Marina_Anissina_0001.png
Jack_Straw/Jack_Straw_0019.png
Junichiro_Koizumi/Junichiro_Koizumi_0004.png
Lee_Nam-shin/Lee_Nam-shin_0001.png
Joe_Lieberman/Joe_Lieberman_0012.png
Colin_Powell/Colin_Powell_0137.png
Nicanor_Duarte_Frutos/Nicanor_Duarte_Frutos_0005.png
Iain_Duncan_Smith/Iain_Duncan_Smith_0002.png
Paul_ONeill/Paul_ONeill_0002.png
Pete_Sampras/Pete_Sampras_0003.png
Jeanette_Gray/Jeanette_Gray_0001.png
Justine_Henin/Justine_Henin_0001.png
John_Ashcroft/John_Ashcroft_0052.png
Yukiko_Okudo/Yukiko_Okudo_0001.png
Kevin_Harvick/Kevin_Harvick_0001.png
George_W_Bush/George_W_Bush_0111.png
George_W_Bush/George_W_Bush_0205.png
John_Snow/John_Snow_0016.png
David_Beckham/David_Beckham_0014.png
Vicente_Fox/Vicente_Fox_0005.png
Tom_Cruise/Tom_Cruise_0007.png
Colin_Powell/Colin_Powell_0130.png
Francis_George/Francis_George_0001.png
George_Lopez/George_Lopez_0005.png
King_Abdullah_II/King_Abdullah_II_0004.png
Alexander_Downer/Alexander_Downer_0003.png
Ali_Naimi/Ali_Naimi_0006.png
Hans_Blix/Hans_Blix_0017.png
Angel_Maza/Angel_Maza_0001.png
Kenneth_Branagh/Kenneth_Branagh_0001.png
Kimi_Raikkonen/Kimi_Raikkonen_0002.png
Paul_Michael_Daniels/Paul_Michael_Daniels_0001.png
Gerhard_Schroeder/Gerhard_Schroeder_0083.png
Kevin_Satterfield/Kevin_Satterfield_0001.png
Billy_Sollie/Billy_Sollie_0002.png
Michel_Temer/Michel_Temer_0002.png
Barry_Zito/Barry_Zito_0002.png
Paul_Newman/Paul_Newman_0001.png
Christopher_Walken/Christopher_Walken_0004.png
Joan_Collins/Joan_Collins_0001.png
Lance_Armstrong/Lance_Armstrong_0001.png
Nicole_Kidman/Nicole_Kidman_0006.png
Hugh_Grant/Hugh_Grant_0007.png
Justin_Wilson/Justin_Wilson_0001.png
Steve_Lenard/Steve_Lenard_0001.png
Rogelio_Ramos/Rogelio_Ramos_0001.png
Elin_Nordegren/Elin_Nordegren_0001.png
Tommy_Haas/Tommy_Haas_0001.png
Wang_Hailan/Wang_Hailan_0001.png
Wang_Yingfan/Wang_Yingfan_0002.png
Hamid_Karzai/Hamid_Karzai_0020.png
Ralph_Friedgen/Ralph_Friedgen_0001.png
Laura_Bush/Laura_Bush_0033.png
Gray_Davis/Gray_Davis_0004.png
Maria_Soledad_Alvear_Valenzuela/Maria_Soledad_Alvear_Valenzuela_0002.png
Jennifer_Capriati/Jennifer_Capriati_0016.png
David_Hyde_Pierce/David_Hyde_Pierce_0003.png
Lucy_Liu/Lucy_Liu_0004.png
Luke_Walton/Luke_Walton_0002.png
Lance_Armstrong/Lance_Armstrong_0014.png
Bruce_Springsteen/Bruce_Springsteen_0001.png
Candie_Kung/Candie_Kung_0003.png
Mahima_Chaudhari/Mahima_Chaudhari_0001.png
Sonia_Gandhi/Sonia_Gandhi_0004.png
Anna_Kournikova/Anna_Kournikova_0012.png
Joan_Laporta/Joan_Laporta_0008.png
Aleksander_Kwasniewski/Aleksander_Kwasniewski_0002.png
Jennifer_Keller/Jennifer_Keller_0002.png
Sarah_Price/Sarah_Price_0001.png
Anna_Kournikova/Anna_Kournikova_0003.png
Jonathan_Karsh/Jonathan_Karsh_0001.png
Ashanti/Ashanti_0004.png
Chen_Shui-bian/Chen_Shui-bian_0004.png
Abdullah_al-Attiyah/Abdullah_al-Attiyah_0002.png
Jennifer_Aniston/Jennifer_Aniston_0021.png
Pervez_Musharraf/Pervez_Musharraf_0002.png
Enrique_Medina_Gomez/Enrique_Medina_Gomez_0001.png
Benicio_Del_Toro/Benicio_Del_Toro_0001.png
Nasser_al-Kidwa/Nasser_al-Kidwa_0001.png
Alastair_Campbell/Alastair_Campbell_0004.png
Lee_Yeo-jin/Lee_Yeo-jin_0001.png
Charles_Moose/Charles_Moose_0012.png
Elinor_Caplan/Elinor_Caplan_0002.png
Hu_Jintao/Hu_Jintao_0004.png
Daisy_Fuentes/Daisy_Fuentes_0002.png
Drew_Gooden/Drew_Gooden_0001.png
John_Blaney/John_Blaney_0002.png
Steffi_Graf/Steffi_Graf_0002.png
Tom_Coughlin/Tom_Coughlin_0001.png
Jennifer_Keller/Jennifer_Keller_0003.png
Craig_David/Craig_David_0001.png
Lim_Dong-won/Lim_Dong-won_0001.png
Rick_Perry/Rick_Perry_0005.png
Ann_Landers/Ann_Landers_0001.png
Salma_Hayek/Salma_Hayek_0010.png
John_Ashcroft/John_Ashcroft_0016.png
Rogerio_Romero/Rogerio_Romero_0002.png
Mahmoud_Abbas/Mahmoud_Abbas_0028.png
Clara_Harris/Clara_Harris_0001.png
Benjamin_Martinez/Benjamin_Martinez_0001.png
Blythe_Danner/Blythe_Danner_0002.png
Roberto_Guaterroma/Roberto_Guaterroma_0001.png
Inam-ul-Haq/Inam-ul-Haq_0002.png
Jiang_Zemin/Jiang_Zemin_0017.png
George_W_Bush/George_W_Bush_0500.png
Mark_Schweiker/Mark_Schweiker_0001.png
Zelma_Novelo/Zelma_Novelo_0001.png
Abdullah_al-Attiyah/Abdullah_al-Attiyah_0003.png
Jakob_Kellenberger/Jakob_Kellenberger_0001.png
Jean_Chretien/Jean_Chretien_0005.png
Tom_Ridge/Tom_Ridge_0024.png
Hugo_Chavez/Hugo_Chavez_0052.png
Jose_Serra/Jose_Serra_0006.png
John_Ashcroft/John_Ashcroft_0042.png
Alan_Greenspan/Alan_Greenspan_0003.png
Jack_Straw/Jack_Straw_0007.png
Jon_Gruden/Jon_Gruden_0006.png
Justin_Guarini/Justin_Guarini_0001.png
Colin_Powell/Colin_Powell_0031.png
Xiang_Xu/Xiang_Xu_0001.png
Victoria_Clarke/Victoria_Clarke_0004.png
Michel_Minard/Michel_Minard_0001.png
Colin_Powell/Colin_Powell_0029.png
Kajsa_Bergqvist/Kajsa_Bergqvist_0001.png
Ricardo_Lagos/Ricardo_Lagos_0001.png
Keith_Lockhart/Keith_Lockhart_0001.png
Alexandra_Jackson/Alexandra_Jackson_0001.png
Donald_Rumsfeld/Donald_Rumsfeld_0117.png
Rudolph_Giuliani/Rudolph_Giuliani_0013.png
Bernard_Landry/Bernard_Landry_0004.png
Bud_Selig/Bud_Selig_0002.png
Donald_Rumsfeld/Donald_Rumsfeld_0111.png
Halle_Berry/Halle_Berry_0006.png
Patty_Schnyder/Patty_Schnyder_0002.png
Kristanna_Loken/Kristanna_Loken_0004.png
Doug_Wilson/Doug_Wilson_0001.png
George_W_Bush/George_W_Bush_0497.png
Donald_Rumsfeld/Donald_Rumsfeld_0059.png
Beecher_Ray_Kirby/Beecher_Ray_Kirby_0001.png
Jean-Claude_Trichet/Jean-Claude_Trichet_0002.png
Frances_Fisher/Frances_Fisher_0002.png
Howard_Schultz/Howard_Schultz_0002.png
Hans_Blix/Hans_Blix_0001.png
Ariel_Sharon/Ariel_Sharon_0071.png
Christopher_Walken/Christopher_Walken_0001.png
Andre_Agassi/Andre_Agassi_0017.png
Arantxa_Sanchez-Vicario/Arantxa_Sanchez-Vicario_0001.png
Mack_Brown/Mack_Brown_0001.png
Mike_Krzyzewski/Mike_Krzyzewski_0001.png
Andre_Agassi/Andre_Agassi_0024.png
Ray_Young/Ray_Young_0001.png
Mike_Stefanik/Mike_Stefanik_0001.png
Silvio_Berlusconi/Silvio_Berlusconi_0026.png
Adel_Al-Jubeir/Adel_Al-Jubeir_0003.png
John_Malkovich/John_Malkovich_0001.png
Jorge_Arce/Jorge_Arce_0002.png
Erick_Barkley/Erick_Barkley_0001.png
Roh_Moo-hyun/Roh_Moo-hyun_0029.png
Paul_Bremer/Paul_Bremer_0005.png
Vladimir_Putin/Vladimir_Putin_0005.png
Ian_Thorpe/Ian_Thorpe_0007.png
Roger_Mahony/Roger_Mahony_0001.png
Marisol_Martinez_Sambran/Marisol_Martinez_Sambran_0001.png
Gerard_Depardieu/Gerard_Depardieu_0001.png
Mikulas_Dzurinda/Mikulas_Dzurinda_0002.png
Robert_Duvall/Robert_Duvall_0004.png
Bonnie_Hunt/Bonnie_Hunt_0001.png
Fazal-ur-Rehman/Fazal-ur-Rehman_0001.png
Jean_Chretien/Jean_Chretien_0038.png
Vojislav_Kostunica/Vojislav_Kostunica_0006.png
Desiree_Lemosi/Desiree_Lemosi_0002.png
John_Gordnick/John_Gordnick_0001.png
Gerhard_Schroeder/Gerhard_Schroeder_0039.png
Dino_Risi/Dino_Risi_0001.png
Nestor_Kirchner/Nestor_Kirchner_0013.png
Kurt_Warner/Kurt_Warner_0002.png
Peter_Bacanovic/Peter_Bacanovic_0002.png
Colin_Powell/Colin_Powell_0102.png
Paul_Kariya/Paul_Kariya_0001.png
Guillermo_Coria/Guillermo_Coria_0015.png
Woodrow_Stanley/Woodrow_Stanley_0001.png
Peter_Mullan/Peter_Mullan_0001.png
Laura_Bush/Laura_Bush_0025.png
Yingfan_Wang/Yingfan_Wang_0001.png
Ruth_Christofferson/Ruth_Christofferson_0001.png
Kirsten_Clark/Kirsten_Clark_0001.png
Colin_Powell/Colin_Powell_0225.png
Woody_Allen/Woody_Allen_0002.png
Kevin_Costner/Kevin_Costner_0008.png
Colin_Farrell/Colin_Farrell_0009.png
John_Belushi/John_Belushi_0001.png
Heidi_Fleiss/Heidi_Fleiss_0002.png
Elisabeth_Schumacher/Elisabeth_Schumacher_0002.png
Tom_Tunney/Tom_Tunney_0001.png
Joschka_Fischer/Joschka_Fischer_0018.png
Munir_Akram/Munir_Akram_0002.png
Martin_Brooke/Martin_Brooke_0001.png
Mohammad_Khatami/Mohammad_Khatami_0001.png
Jeong_Se-hyun/Jeong_Se-hyun_0009.png
Joan_Laporta/Joan_Laporta_0009.png
Javier_Solana/Javier_Solana_0001.png
Terence_Newman/Terence_Newman_0001.png
Naomi_Campbell/Naomi_Campbell_0002.png
Jennifer_Aniston/Jennifer_Aniston_0017.png
Ron_Lantz/Ron_Lantz_0001.png
Michael_Bouchard/Michael_Bouchard_0001.png
Tom_Ridge/Tom_Ridge_0012.png
Sergei_Alexandrovitch_Ordzhonikidze/Sergei_Alexandrovitch_Ordzhonikidze_0001.png
Helen_Alvare/Helen_Alvare_0001.png
Joe_Mantello/Joe_Mantello_0002.png
Hamid_Karzai/Hamid_Karzai_0003.png
Sean_Astin/Sean_Astin_0001.png
Liza_Minnelli/Liza_Minnelli_0002.png
Rick_Perry/Rick_Perry_0003.png
Michael_Sheehan/Michael_Sheehan_0001.png
Judy_Genshaft/Judy_Genshaft_0002.png
Zach_Pillar/Zach_Pillar_0001.png
Bernard_Law/Bernard_Law_0005.png
Rafiq_Hariri/Rafiq_Hariri_0001.png
Mufti_Mohammad_Syed/Mufti_Mohammad_Syed_0001.png
Howard_Dean/Howard_Dean_0009.png
Luis_Horna/Luis_Horna_0004.png
Irina_Lobacheva/Irina_Lobacheva_0001.png
Linda_Amicangioli/Linda_Amicangioli_0001.png
Linda_Mason/Linda_Mason_0001.png
Cesar_Gaviria/Cesar_Gaviria_0003.png
Manuel_Jesus/Manuel_Jesus_0001.png
Lisa_Gottsegen/Lisa_Gottsegen_0001.png
Frank_Coraci/Frank_Coraci_0001.png
Tung_Chee-hwa/Tung_Chee-hwa_0003.png
Rosalyn_Carter/Rosalyn_Carter_0001.png
Ciro_Gomes/Ciro_Gomes_0005.png
Torri_Edwards/Torri_Edwards_0002.png
Annie-Jeanne_Reynaud/Annie-Jeanne_Reynaud_0001.png
Jane_Fonda/Jane_Fonda_0001.png
Li_Peng/Li_Peng_0005.png
Hans_Blix/Hans_Blix_0006.png
Dustin_Brown/Dustin_Brown_0001.png
Fred_Huff/Fred_Huff_0001.png
Justin_Gatlin/Justin_Gatlin_0002.png
Turner_Gill/Turner_Gill_0001.png
Roh_Moo-hyun/Roh_Moo-hyun_0015.png
Angelina_Jolie/Angelina_Jolie_0009.png
Adrianna_Zuzic/Adrianna_Zuzic_0001.png
Denise_Locke/Denise_Locke_0001.png
Chris_Cooper/Chris_Cooper_0002.png
DAngelo_Jimenez/DAngelo_Jimenez_0001.png
George_W_Bush/George_W_Bush_0465.png
Silvio_Berlusconi/Silvio_Berlusconi_0004.png
John_Manley/John_Manley_0001.png
Charles_Moose/Charles_Moose_0005.png
Hugh_Miller/Hugh_Miller_0001.png
Suzanne_Mubarak/Suzanne_Mubarak_0001.png
Antonio_Palocci/Antonio_Palocci_0007.png
Conan_OBrien/Conan_OBrien_0002.png
Bill_Clinton/Bill_Clinton_0018.png
Catherine_Deneuve/Catherine_Deneuve_0005.png
Elena_Bovina/Elena_Bovina_0002.png
Woody_Allen/Woody_Allen_0005.png
Yao_Ming/Yao_Ming_0003.png
Sigourney_Weaver/Sigourney_Weaver_0001.png
John_Paul_II/John_Paul_II_0006.png
Tiger_Woods/Tiger_Woods_0010.png
John_Negroponte/John_Negroponte_0016.png
Robert_Mueller/Robert_Mueller_0005.png
John_Howard/John_Howard_0006.png
Mark_Heller/Mark_Heller_0001.png
Zinedine_Zidane/Zinedine_Zidane_0002.png
Mahmoud_Abbas/Mahmoud_Abbas_0018.png
Donald_Rumsfeld/Donald_Rumsfeld_0092.png
Donald_Rumsfeld/Donald_Rumsfeld_0027.png
Alec_Baldwin/Alec_Baldwin_0001.png
Naomi_Watts/Naomi_Watts_0011.png
Vladimir_Putin/Vladimir_Putin_0001.png
John_Banko/John_Banko_0001.png
Atal_Bihari_Vajpayee/Atal_Bihari_Vajpayee_0016.png
Gerald_Ford/Gerald_Ford_0001.png
Colin_Powell/Colin_Powell_0095.png
George_W_Bush/George_W_Bush_0237.png
Martin_Scorsese/Martin_Scorsese_0003.png
Tony_Shalhoub/Tony_Shalhoub_0002.png
Jonathan_Edwards/Jonathan_Edwards_0007.png
George_W_Bush/George_W_Bush_0268.png
Charles_Moose/Charles_Moose_0010.png
Naoto_Kan/Naoto_Kan_0001.png
Patricia_Clarkson/Patricia_Clarkson_0001.png
Christine_Todd_Whitman/Christine_Todd_Whitman_0001.png
Arturo_Gatti/Arturo_Gatti_0003.png
Mick_Jagger/Mick_Jagger_0001.png
Damon_van_Dam/Damon_van_Dam_0002.png
Lleyton_Hewitt/Lleyton_Hewitt_0007.png
Buford_Blount/Buford_Blount_0001.png
Christian_Longo/Christian_Longo_0002.png
Gian_Marco/Gian_Marco_0003.png
Thomas_Haeggstroem/Thomas_Haeggstroem_0001.png
Clare_Short/Clare_Short_0002.png
Hugo_Chavez/Hugo_Chavez_0009.png
Britney_Spears/Britney_Spears_0003.png
Laura_Marlow/Laura_Marlow_0001.png
Guy_Hemmings/Guy_Hemmings_0001.png
Gus_Van_Sant/Gus_Van_Sant_0003.png
George_W_Bush/George_W_Bush_0373.png
Crandall_Bowles/Crandall_Bowles_0001.png
Emmit_Smith/Emmit_Smith_0001.png
Taha_Yassin_Ramadan/Taha_Yassin_Ramadan_0006.png
Roy_Williams/Roy_Williams_0002.png
Tom_Cruise/Tom_Cruise_0008.png
Dwain_Kyles/Dwain_Kyles_0001.png
Wang_Yingfan/Wang_Yingfan_0001.png
Ellen_Engleman/Ellen_Engleman_0001.png
Nan_Wang/Nan_Wang_0001.png
Evelyn_Lauder/Evelyn_Lauder_0001.png
Robbie_Williams/Robbie_Williams_0003.png
Ricardo_Monasterio/Ricardo_Monasterio_0002.png
Arnie_Boehm/Arnie_Boehm_0001.png
Junichiro_Koizumi/Junichiro_Koizumi_0038.png
Colin_Powell/Colin_Powell_0043.png
Catherine_Zeta-Jones/Catherine_Zeta-Jones_0010.png
Javier_Saviola/Javier_Saviola_0001.png
Danny_Morgan/Danny_Morgan_0001.png
Matthew_Broderick/Matthew_Broderick_0003.png
Megawati_Sukarnoputri/Megawati_Sukarnoputri_0013.png
Tatyana_Tomashova/Tatyana_Tomashova_0001.png
Tony_Stewart/Tony_Stewart_0002.png
Rainer_Schuettler/Rainer_Schuettler_0005.png
Donald_Rumsfeld/Donald_Rumsfeld_0012.png
Paul_McCartney/Paul_McCartney_0004.png
Dale_Earnhardt/Dale_Earnhardt_0001.png
Allyson_Felix/Allyson_Felix_0004.png
Lawrence_MacAulay/Lawrence_MacAulay_0001.png
Gloria_Macapagal_Arroyo/Gloria_Macapagal_Arroyo_0016.png
Guillermo_Coria/Guillermo_Coria_0014.png
Kiki_Vandeweghe/Kiki_Vandeweghe_0001.png
Celine_Dion/Celine_Dion_0003.png
Paul_Wolfowitz/Paul_Wolfowitz_0010.png
John_Fenn/John_Fenn_0001.png
Mikhail_Gorbachev/Mikhail_Gorbachev_0001.png
Jackie_Dennis/Jackie_Dennis_0001.png
Kofi_Annan/Kofi_Annan_0008.png
Kim_Clijsters/Kim_Clijsters_0010.png
Vladimir_Spidla/Vladimir_Spidla_0001.png
Kaisser_Bazan/Kaisser_Bazan_0001.png
Michel_Duclos/Michel_Duclos_0002.png
Seydou_Diarra/Seydou_Diarra_0001.png
Mikhail_Wehbe/Mikhail_Wehbe_0003.png
Jean-Rene_Fourtou/Jean-Rene_Fourtou_0001.png
Theo_Epstein/Theo_Epstein_0002.png
Mike_Krzyzewski/Mike_Krzyzewski_0006.png
Jim_Letten/Jim_Letten_0001.png
Jay_Leno/Jay_Leno_0002.png
Arnold_Schwarzenegger/Arnold_Schwarzenegger_0035.png
Madeleine_Albright/Madeleine_Albright_0001.png
Shimon_Peres/Shimon_Peres_0005.png
Scott_Hoch/Scott_Hoch_0001.png
Jennifer_Reilly/Jennifer_Reilly_0002.png
Ali_Naimi/Ali_Naimi_0002.png
Steve_McManaman/Steve_McManaman_0001.png
Robert_Redford/Robert_Redford_0004.png
Warren_Buffett/Warren_Buffett_0002.png
Brad_Johnson/Brad_Johnson_0004.png
Bill_Clinton/Bill_Clinton_0025.png
Bob_Geldof/Bob_Geldof_0001.png
Brian_Wells/Brian_Wells_0002.png
Mario_Alfaro-Lopez/Mario_Alfaro-Lopez_0001.png
Henry_Hyde/Henry_Hyde_0001.png
Tyron_Garner/Tyron_Garner_0001.png
Marlene_Weingartner/Marlene_Weingartner_0001.png
Donald_Rumsfeld/Donald_Rumsfeld_0035.png
Serena_Williams/Serena_Williams_0034.png
Gloria_Macapagal_Arroyo/Gloria_Macapagal_Arroyo_0005.png
David_Coulthard/David_Coulthard_0002.png
Rafael_Bielsa/Rafael_Bielsa_0001.png
Ariel_Sharon/Ariel_Sharon_0018.png
Paul_Wolfowitz/Paul_Wolfowitz_0008.png
Jorge_Quiroga/Jorge_Quiroga_0001.png
Daja_Bedanova/Daja_Bedanova_0001.png
Francis_Crick/Francis_Crick_0001.png
Jennifer_Capriati/Jennifer_Capriati_0034.png
Dick_Cheney/Dick_Cheney_0011.png
Spencer_Abraham/Spencer_Abraham_0005.png
Mary_Lou_Retton/Mary_Lou_Retton_0001.png
Walid_Al-Awadi/Walid_Al-Awadi_0001.png
David_Beckham/David_Beckham_0012.png
George_W_Bush/George_W_Bush_0376.png
Raul_Castaneda/Raul_Castaneda_0001.png
Jade_Jagger/Jade_Jagger_0001.png
AJ_Cook/AJ_Cook_0001.png
Gerhard_Schroeder/Gerhard_Schroeder_0037.png
Fidel_Castro/Fidel_Castro_0011.png
Tom_Daschle/Tom_Daschle_0013.png
Steve_Stirling/Steve_Stirling_0001.png
LK_Advani/LK_Advani_0003.png
Tony_Blair/Tony_Blair_0142.png
Tom_Watson/Tom_Watson_0001.png
Hutomo_Mandala_Putra/Hutomo_Mandala_Putra_0001.png
Ariel_Sharon/Ariel_Sharon_0052.png
Ariel_Sharon/Ariel_Sharon_0076.png
Akbar_Al_Baker/Akbar_Al_Baker_0001.png
Winona_Ryder/Winona_Ryder_0004.png
Andrew_Weissmann/Andrew_Weissmann_0003.png
Kate_Moss/Kate_Moss_0001.png
Kellie_Greene/Kellie_Greene_0001.png
Elton_John/Elton_John_0005.png
Rebecca_Romijn-Stamos/Rebecca_Romijn-Stamos_0001.png
Paul_ONeill/Paul_ONeill_0009.png
John_Lennon/John_Lennon_0001.png
Nick_Nolte/Nick_Nolte_0002.png
Steven_Spielberg/Steven_Spielberg_0005.png
Antonio_Palocci/Antonio_Palocci_0005.png
Joe_Metz/Joe_Metz_0001.png
George_W_Bush/George_W_Bush_0231.png
Michael_Bloomberg/Michael_Bloomberg_0006.png
Katie_Harman/Katie_Harman_0002.png
Guillermo_Coria/Guillermo_Coria_0007.png
Tom_Koenigs/Tom_Koenigs_0001.png
Glen_Sather/Glen_Sather_0001.png
Polona_Bas/Polona_Bas_0001.png
Melanie_Griffith/Melanie_Griffith_0002.png
Katie_Holmes/Katie_Holmes_0001.png
Claudia_Cardinale/Claudia_Cardinale_0001.png
Jim_Furyk/Jim_Furyk_0005.png
Cruz_Bustamante/Cruz_Bustamante_0003.png
George_W_Bush/George_W_Bush_0143.png
John_Kerry/John_Kerry_0002.png
Paula_Zahn/Paula_Zahn_0002.png
Larenz_Tate/Larenz_Tate_0001.png
Stefano_Basalini/Stefano_Basalini_0001.png
Amelia_Vega/Amelia_Vega_0005.png
Billy_Boyd/Billy_Boyd_0001.png
Ariel_Sharon/Ariel_Sharon_0006.png
Charles_Taylor/Charles_Taylor_0009.png
Najib_al-Salhi/Najib_al-Salhi_0001.png
Carlos_Moya/Carlos_Moya_0016.png
Ron_Dittemore/Ron_Dittemore_0001.png
Nestor_Kirchner/Nestor_Kirchner_0006.png
Tina_Andrews/Tina_Andrews_0001.png
Miguel_Hakim/Miguel_Hakim_0001.png
Donald_Rumsfeld/Donald_Rumsfeld_0062.png
Alfonso_Cuaron/Alfonso_Cuaron_0001.png
Anne_Cavers/Anne_Cavers_0001.png
San_Lan/San_Lan_0001.png
Tony_Blair/Tony_Blair_0128.png
Vojislav_Kostunica/Vojislav_Kostunica_0004.png
Junichiro_Koizumi/Junichiro_Koizumi_0011.png
Gwyneth_Paltrow/Gwyneth_Paltrow_0002.png
Randy_Ferbey/Randy_Ferbey_0001.png
Gerhard_Schroeder/Gerhard_Schroeder_0058.png
Hamid_Karzai/Hamid_Karzai_0013.png
Patrick_Rafter/Patrick_Rafter_0001.png
Jean-Pierre_Raffarin/Jean-Pierre_Raffarin_0005.png
Saddam_Hussein/Saddam_Hussein_0015.png
Gloria_Allred/Gloria_Allred_0002.png
Serena_Williams/Serena_Williams_0023.png
Stipe_Mesic/Stipe_Mesic_0001.png
Imad_Khadduri/Imad_Khadduri_0001.png
Arnaud_Clement/Arnaud_Clement_0001.png
Thomas_Van_Essen/Thomas_Van_Essen_0001.png
Ian_Smith/Ian_Smith_0001.png
John_Bolton/John_Bolton_0009.png
JK_Rowling/JK_Rowling_0004.png
Oxana_Fedorova/Oxana_Fedorova_0002.png
Christopher_Whittle/Christopher_Whittle_0001.png
Walter_Woods/Walter_Woods_0001.png
Islam_Karimov/Islam_Karimov_0001.png
Anthony_Lee_Johnson/Anthony_Lee_Johnson_0001.png
Saoud_Al_Faisal/Saoud_Al_Faisal_0001.png
Dudley_Rogers/Dudley_Rogers_0001.png
Julie_Gerberding/Julie_Gerberding_0009.png
Nestor_Kirchner/Nestor_Kirchner_0003.png
Jim_Anderson/Jim_Anderson_0001.png
Hugo_Chavez/Hugo_Chavez_0032.png
John_Negroponte/John_Negroponte_0012.png
Maureen_Fanning/Maureen_Fanning_0002.png
Micky_Ward/Micky_Ward_0001.png
Paul_Li_Calsi/Paul_Li_Calsi_0001.png
Ibrahim_Hilal/Ibrahim_Hilal_0001.png
John_Warner/John_Warner_0003.png
Timothy_Goebel/Timothy_Goebel_0001.png
George_W_Bush/George_W_Bush_0155.png
Ariel_Sharon/Ariel_Sharon_0002.png
George_W_Bush/George_W_Bush_0057.png
Oscar_De_La_Hoya/Oscar_De_La_Hoya_0004.png
Jean-Claude_Braquet/Jean-Claude_Braquet_0001.png
Mariah_Carey/Mariah_Carey_0003.png
Jim_Ahern/Jim_Ahern_0001.png
Tim_Henman/Tim_Henman_0009.png
Nathalie_Baye/Nathalie_Baye_0003.png
Luis_Ernesto_Derbez_Bautista/Luis_Ernesto_Derbez_Bautista_0006.png
Thaksin_Shinawatra/Thaksin_Shinawatra_0005.png
Dwayne_Johnson/Dwayne_Johnson_0001.png
Saddam_Hussein/Saddam_Hussein_0012.png
Oprah_Winfrey/Oprah_Winfrey_0003.png
Caroline_Kennedy/Caroline_Kennedy_0001.png
Gregg_Popovich/Gregg_Popovich_0004.png
Stacy_Dragila/Stacy_Dragila_0001.png
Queen_Sofia/Queen_Sofia_0001.png
Jose_Sarney/Jose_Sarney_0002.png
Efrain_Rios_Montt/Efrain_Rios_Montt_0001.png
Romario_Farias/Romario_Farias_0001.png
Mark_Richt/Mark_Richt_0003.png
Jorge_Arce/Jorge_Arce_0001.png
Bill_McBride/Bill_McBride_0010.png
Glen_DaSilva/Glen_DaSilva_0001.png
Daniel_Day-Lewis/Daniel_Day-Lewis_0003.png
Claudia_Coslovich/Claudia_Coslovich_0001.png
Eric_Lindros/Eric_Lindros_0001.png
Denise_Johnson/Denise_Johnson_0002.png
Sarah_Hughes/Sarah_Hughes_0001.png
Michael_Moore/Michael_Moore_0002.png
Robert_Kocharian/Robert_Kocharian_0001.png
Janette_Husarova/Janette_Husarova_0001.png
Dai_Bachtiar/Dai_Bachtiar_0002.png
George_W_Bush/George_W_Bush_0327.png
Tony_Blair/Tony_Blair_0090.png
Amy_Redford/Amy_Redford_0001.png
Sharon_Stone/Sharon_Stone_0005.png
Yevgeny_Kafelnikov/Yevgeny_Kafelnikov_0003.png
Halle_Berry/Halle_Berry_0011.png
Nia_Vardalos/Nia_Vardalos_0004.png
Gerhard_Schroeder/Gerhard_Schroeder_0051.png
Naomi_Watts/Naomi_Watts_0013.png
Robert_Lange/Robert_Lange_0001.png
Winona_Ryder/Winona_Ryder_0017.png
Paul_Desmarais/Paul_Desmarais_0001.png
Jan-Michael_Gambill/Jan-Michael_Gambill_0003.png
Atom_Egoyan/Atom_Egoyan_0001.png
George_W_Bush/George_W_Bush_0293.png
Heizo_Takenaka/Heizo_Takenaka_0003.png
Lleyton_Hewitt/Lleyton_Hewitt_0024.png
Jacques_Chirac/Jacques_Chirac_0027.png
Arnold_Schwarzenegger/Arnold_Schwarzenegger_0020.png
Vanessa_Williams/Vanessa_Williams_0002.png
George_W_Bush/George_W_Bush_0246.png
Gloria_Macapagal_Arroyo/Gloria_Macapagal_Arroyo_0042.png
Hans_Blix/Hans_Blix_0038.png
Habib_Rizieq/Habib_Rizieq_0003.png
Juan_Pablo_Montoya/Juan_Pablo_Montoya_0006.png
Eva_Mendes/Eva_Mendes_0001.png
Carlos_Ruiz/Carlos_Ruiz_0001.png
George_W_Bush/George_W_Bush_0100.png
Ben_Chandler/Ben_Chandler_0001.png
Suzanne_Somers/Suzanne_Somers_0001.png
Gianna_Angelopoulos-Daskalaki/Gianna_Angelopoulos-Daskalaki_0002.png
Bobo_Balde/Bobo_Balde_0001.png
Sepp_Blatter/Sepp_Blatter_0002.png
Diane_Green/Diane_Green_0002.png
Celine_Dion/Celine_Dion_0005.png
Fernando_Gonzalez/Fernando_Gonzalez_0006.png
Russell_Simmons/Russell_Simmons_0001.png
Donald_Rumsfeld/Donald_Rumsfeld_0064.png
Bode_Miller/Bode_Miller_0001.png
Toshihiko_Fukui/Toshihiko_Fukui_0002.png
Billy_Tibbets/Billy_Tibbets_0001.png
Darin_Erstad/Darin_Erstad_0001.png
Andrew_Bernard/Andrew_Bernard_0001.png
Nestor_Kirchner/Nestor_Kirchner_0033.png
Erika_Harold/Erika_Harold_0002.png
David_Gest/David_Gest_0001.png
Colin_Powell/Colin_Powell_0061.png
David_Nalbandian/David_Nalbandian_0006.png
John_Ashcroft/John_Ashcroft_0053.png
Nicolas_Cage/Nicolas_Cage_0004.png
David_Kelley/David_Kelley_0001.png
Rubens_Barrichello/Rubens_Barrichello_0009.png
Thaksin_Shinawatra/Thaksin_Shinawatra_0002.png
Michael_Michele/Michael_Michele_0001.png
George_W_Bush/George_W_Bush_0475.png
Tom_Ridge/Tom_Ridge_0021.png
Vicente_Fox/Vicente_Fox_0002.png
Andy_Roddick/Andy_Roddick_0015.png
Rita_Moreno/Rita_Moreno_0002.png
Junichiro_Koizumi/Junichiro_Koizumi_0048.png
Vitali_Klitschko/Vitali_Klitschko_0001.png
Jose_Maria_Aznar/Jose_Maria_Aznar_0018.png
Catriona_Le_May_Doan/Catriona_Le_May_Doan_0001.png
Al_Sharpton/Al_Sharpton_0003.png
George_W_Bush/George_W_Bush_0129.png
Mohammed_Baqir_al-Hakim/Mohammed_Baqir_al-Hakim_0002.png
Donatella_Versace/Donatella_Versace_0003.png
Hugo_Chavez/Hugo_Chavez_0045.png
Gordon_Brown/Gordon_Brown_0006.png
Ronde_Barber/Ronde_Barber_0001.png
Chris_Terry/Chris_Terry_0001.png
Kristin_Scott_Thomas/Kristin_Scott_Thomas_0001.png
Margaret_Thatcher/Margaret_Thatcher_0001.png
John_Ashcroft/John_Ashcroft_0023.png
Andre_Agassi/Andre_Agassi_0027.png
Tian_Liang/Tian_Liang_0001.png
Tom_Smothers/Tom_Smothers_0001.png
Lisa_Girman/Lisa_Girman_0001.png
Mike_OConnell/Mike_OConnell_0001.png
Hugo_Chavez/Hugo_Chavez_0028.png
Michael_Kahn/Michael_Kahn_0001.png
Penelope_Ann_Miller/Penelope_Ann_Miller_0001.png
Silvio_Berlusconi/Silvio_Berlusconi_0016.png
Mike_Martz/Mike_Martz_0001.png
George_W_Bush/George_W_Bush_0243.png
Megawati_Sukarnoputri/Megawati_Sukarnoputri_0031.png
Cruz_Bustamante/Cruz_Bustamante_0005.png
Ariel_Sharon/Ariel_Sharon_0061.png
Eric_Ryan_Donnelly/Eric_Ryan_Donnelly_0001.png
Phan_Van_Khai/Phan_Van_Khai_0001.png
Felicity_Huffman/Felicity_Huffman_0001.png
Andy_Roddick/Andy_Roddick_0001.png
Giuseppe_Gibilisco/Giuseppe_Gibilisco_0004.png
Coco_dEste/Coco_dEste_0001.png
Brian_Grazier/Brian_Grazier_0001.png
Jacques_Chirac/Jacques_Chirac_0047.png
Trent_Lott/Trent_Lott_0009.png
Fernando_Alonso/Fernando_Alonso_0001.png
Pascal_Lamy/Pascal_Lamy_0002.png
Luiz_Inacio_Lula_da_Silva/Luiz_Inacio_Lula_da_Silva_0036.png
Jiang_Zemin/Jiang_Zemin_0020.png
Sergei_Ivanov/Sergei_Ivanov_0002.png
Junichiro_Koizumi/Junichiro_Koizumi_0047.png
Tim_Lobinger/Tim_Lobinger_0001.png
Susan_Collins/Susan_Collins_0002.png
Emily_Mortimer/Emily_Mortimer_0001.png
Colin_Powell/Colin_Powell_0133.png
Vadim_Devyatovskiy/Vadim_Devyatovskiy_0001.png
Lonnie_Donegan/Lonnie_Donegan_0001.png
Jon_Stewart/Jon_Stewart_0001.png
Jose_Theodore/Jose_Theodore_0001.png
Lech_Walesa/Lech_Walesa_0001.png
Tom_Ridge/Tom_Ridge_0007.png
Hichiro_Naemura/Hichiro_Naemura_0002.png
Herb_Sendek/Herb_Sendek_0004.png
Azra_Akin/Azra_Akin_0001.png
Jennifer_Capriati/Jennifer_Capriati_0012.png
Andy_Dick/Andy_Dick_0001.png
Bijan_Namdar_Zangeneh/Bijan_Namdar_Zangeneh_0001.png
William_Bulger/William_Bulger_0002.png
Mahmoud_Abbas/Mahmoud_Abbas_0013.png
Juan_Carlos_Ferrero/Juan_Carlos_Ferrero_0012.png
Paul-Henri_Mathieu/Paul-Henri_Mathieu_0003.png
Bing_Crosby/Bing_Crosby_0001.png
Miles_Stewart/Miles_Stewart_0001.png
Kate_Winslet/Kate_Winslet_0001.png
Benito_Santiago/Benito_Santiago_0001.png
Janica_Kostelic/Janica_Kostelic_0001.png
Gilberto_Simoni/Gilberto_Simoni_0001.png
Paul_Burrell/Paul_Burrell_0009.png
James_Franco/James_Franco_0002.png
Patty_Schnyder/Patty_Schnyder_0001.png
Johnny_Tapia/Johnny_Tapia_0003.png
Angela_Bassett/Angela_Bassett_0005.png
Jeong_Se-hyun/Jeong_Se-hyun_0001.png
John_Bolton/John_Bolton_0008.png
Arlen_Specter/Arlen_Specter_0002.png
Peter_Harvey/Peter_Harvey_0001.png
Alicia_Silverstone/Alicia_Silverstone_0002.png
Guillermo_Coria/Guillermo_Coria_0016.png
Howard_Dean/Howard_Dean_0011.png
Colin_Powell/Colin_Powell_0145.png
Jelena_Dokic/Jelena_Dokic_0005.png
Matt_Morris/Matt_Morris_0001.png
John_Lynch/John_Lynch_0001.png
Alan_Greer/Alan_Greer_0001.png
Mitchell_Daniels/Mitchell_Daniels_0004.png
Martha_Martinez_Flores/Martha_Martinez_Flores_0001.png
Dustan_Mohr/Dustan_Mohr_0001.png
Judy_Locy/Judy_Locy_0001.png
Thaksin_Shinawatra/Thaksin_Shinawatra_0004.png
Mikhail_Youzhny/Mikhail_Youzhny_0002.png
Tom_Rouen/Tom_Rouen_0001.png
George_W_Bush/George_W_Bush_0064.png
Jennifer_Capriati/Jennifer_Capriati_0031.png
Matthew_Ouimet/Matthew_Ouimet_0001.png
Gerhard_Schroeder/Gerhard_Schroeder_0093.png
Alexandra_Spann/Alexandra_Spann_0001.png
Mark_Stuart/Mark_Stuart_0001.png
David_Wells/David_Wells_0007.png
Tony_Blair/Tony_Blair_0062.png
Aram_Adler/Aram_Adler_0001.png
Albert_Costa/Albert_Costa_0001.png
Michelle_Yeoh/Michelle_Yeoh_0003.png
Dorothy_Loudon/Dorothy_Loudon_0001.png
Adrien_Brody/Adrien_Brody_0001.png
Boris_Jordan/Boris_Jordan_0001.png
Bertie_Ahern/Bertie_Ahern_0001.png
Bono/Bono_0002.png
George_W_Bush/George_W_Bush_0185.png
Jake_Brace/Jake_Brace_0001.png
George_W_Bush/George_W_Bush_0204.png
Tom_Crean/Tom_Crean_0001.png
Jeffrey_Immelt/Jeffrey_Immelt_0001.png
Mikhail_Youzhny/Mikhail_Youzhny_0003.png
Jim_Furyk/Jim_Furyk_0004.png
Kathleen_Kennedy_Townsend/Kathleen_Kennedy_Townsend_0002.png
Kevin_Keegan/Kevin_Keegan_0001.png
Strom_Thurmond/Strom_Thurmond_0002.png
Wen_Jiabao/Wen_Jiabao_0003.png
Joe_Calzaghe/Joe_Calzaghe_0002.png
Dennis_Kozlowski/Dennis_Kozlowski_0002.png
Roy_Romanow/Roy_Romanow_0001.png
E_Clay_Shaw/E_Clay_Shaw_0001.png
Sadie_Frost/Sadie_Frost_0002.png
Sung_Hong_Choi/Sung_Hong_Choi_0001.png
Joseph_Estrada/Joseph_Estrada_0003.png
George_W_Bush/George_W_Bush_0198.png
Lauren_Killian/Lauren_Killian_0001.png
Karen_Pereiras/Karen_Pereiras_0001.png
Hugo_Chavez/Hugo_Chavez_0068.png
Jennifer_Capriati/Jennifer_Capriati_0042.png
Recep_Tayyip_Erdogan/Recep_Tayyip_Erdogan_0004.png
Larry_Bowa/Larry_Bowa_0001.png
Roberto_Carlos/Roberto_Carlos_0001.png
Fabian_Vargas/Fabian_Vargas_0001.png
Jude_Law/Jude_Law_0002.png
Vladimir_Putin/Vladimir_Putin_0039.png
Hamid_Karzai/Hamid_Karzai_0011.png
Abdullah_al-Attiyah/Abdullah_al-Attiyah_0001.png
Jesse_Ventura/Jesse_Ventura_0002.png
Christopher_Reeve/Christopher_Reeve_0002.png
Lleyton_Hewitt/Lleyton_Hewitt_0027.png
Tom_Ridge/Tom_Ridge_0001.png
Megawati_Sukarnoputri/Megawati_Sukarnoputri_0019.png
George_W_Bush/George_W_Bush_0317.png
Toni_Braxton/Toni_Braxton_0002.png
Jose_Santos/Jose_Santos_0001.png
Jiri_Novak/Jiri_Novak_0002.png
Saddam_Hussein/Saddam_Hussein_0017.png
Marisa_Tomei/Marisa_Tomei_0002.png
Billy_Crystal/Billy_Crystal_0004.png
Camille_Colvin/Camille_Colvin_0001.png
Recep_Tayyip_Erdogan/Recep_Tayyip_Erdogan_0027.png
Ali_Abbas/Ali_Abbas_0001.png
Tonino_Guerra/Tonino_Guerra_0001.png
Michael_Leavitt/Michael_Leavitt_0001.png
Fernando_Gonzalez/Fernando_Gonzalez_0001.png
Kim_Yong-il/Kim_Yong-il_0001.png
Woody_Allen/Woody_Allen_0003.png
Edward_Kennedy/Edward_Kennedy_0003.png
Alejandro_Toledo/Alejandro_Toledo_0011.png
George_W_Bush/George_W_Bush_0125.png
Hideki_Sato/Hideki_Sato_0001.png
Edward_Said/Edward_Said_0001.png
Roger_Toussaint/Roger_Toussaint_0001.png
Dalai_Lama/Dalai_Lama_0002.png
Richard_Perle/Richard_Perle_0001.png
John_Baldacci/John_Baldacci_0001.png
Dean_Barkley/Dean_Barkley_0004.png
Ghassan_Elashi/Ghassan_Elashi_0001.png
Sofyan_Dawood/Sofyan_Dawood_0001.png
Ted_Washington/Ted_Washington_0001.png
Michael_Bloomberg/Michael_Bloomberg_0001.png
Gabriella_Bo/Gabriella_Bo_0001.png
Sonja_Kesselschlager/Sonja_Kesselschlager_0001.png
Larry_Ellison/Larry_Ellison_0003.png
Mark_Hamister/Mark_Hamister_0002.png
Shae-Lynn_Bourne/Shae-Lynn_Bourne_0001.png
George_W_Bush/George_W_Bush_0303.png
John_Howard/John_Howard_0004.png
George_Pataki/George_Pataki_0002.png
Mark_Philippoussis/Mark_Philippoussis_0001.png
George_Ryan/George_Ryan_0002.png
Yang_Pao-yu/Yang_Pao-yu_0001.png
Satnarine_Sharma/Satnarine_Sharma_0001.png
John_Snow/John_Snow_0009.png
Vicente_Fox/Vicente_Fox_0020.png
Jean_Chretien/Jean_Chretien_0040.png
Gary_Forsee/Gary_Forsee_0001.png
Nestor_Kirchner/Nestor_Kirchner_0009.png
Donald_Rumsfeld/Donald_Rumsfeld_0014.png
Juan_Carlos_Ferrero/Juan_Carlos_Ferrero_0019.png
Martha_Beatriz_Roque/Martha_Beatriz_Roque_0002.png
Michael_Jackson/Michael_Jackson_0009.png
George_Harrison/George_Harrison_0001.png
Audrey_Sauret/Audrey_Sauret_0001.png
Jim_Kelly/Jim_Kelly_0001.png
Jorge_Valdano/Jorge_Valdano_0002.png
Mariangel_Ruiz_Torrealba/Mariangel_Ruiz_Torrealba_0003.png
Alvaro_Uribe/Alvaro_Uribe_0007.png
Gerry_Parsky/Gerry_Parsky_0001.png
Brian_Heidik/Brian_Heidik_0002.png
Joseph_Nacchio/Joseph_Nacchio_0001.png
Vladimir_Putin/Vladimir_Putin_0047.png
Rick_Dinse/Rick_Dinse_0003.png
Jimmy_Kimmel/Jimmy_Kimmel_0002.png
Jennifer_Aniston/Jennifer_Aniston_0004.png
Rich_Gannon/Rich_Gannon_0002.png
Dean_Sheremet/Dean_Sheremet_0001.png
Howard_Dean/Howard_Dean_0001.png
Joshua_Perper/Joshua_Perper_0001.png
Heizo_Takenaka/Heizo_Takenaka_0008.png
Brian_Lara/Brian_Lara_0001.png
Shane_Reynolds/Shane_Reynolds_0001.png
Himmler_Rebu/Himmler_Rebu_0001.png
Robert_Beck/Robert_Beck_0001.png
Hugo_Chavez/Hugo_Chavez_0015.png
Lucio_Gutierrez/Lucio_Gutierrez_0007.png
Angela_Mascia-Frye/Angela_Mascia-Frye_0001.png
Yasar_Yakis/Yasar_Yakis_0002.png
Yu_Shyi-kun/Yu_Shyi-kun_0001.png
Ana_Guevara/Ana_Guevara_0001.png
George_Clooney/George_Clooney_0004.png
Guennadi_Chipouline/Guennadi_Chipouline_0001.png
Rainer_Schuettler/Rainer_Schuettler_0004.png
Monica_Seles/Monica_Seles_0002.png
Ian_McKellen/Ian_McKellen_0003.png
Elsa_Zylberstein/Elsa_Zylberstein_0001.png
Rudolph_Giuliani/Rudolph_Giuliani_0014.png
Svend_Aage_Jensby/Svend_Aage_Jensby_0001.png
Jennifer_Furminger/Jennifer_Furminger_0001.png
Jodie_Foster/Jodie_Foster_0001.png
Chang_Tso/Chang_Tso_0001.png
Bill_Sizemore/Bill_Sizemore_0001.png
Rudolph_Giuliani/Rudolph_Giuliani_0010.png
Andy_Hebb/Andy_Hebb_0002.png
Curtis_Rodriguez/Curtis_Rodriguez_0001.png
Samira_Makhmalbaf/Samira_Makhmalbaf_0002.png
Enrique_Oliu/Enrique_Oliu_0001.png
Mike_Myers/Mike_Myers_0005.png
Martin_Brodeur/Martin_Brodeur_0001.png
Guillermo_Coria/Guillermo_Coria_0012.png
George_W_Bush/George_W_Bush_0368.png
Laura_Bush/Laura_Bush_0032.png
George_W_Bush/George_W_Bush_0017.png
Brian_Weaver/Brian_Weaver_0001.png
William_Delahunt/William_Delahunt_0001.png
Marlene_Weingartner/Marlene_Weingartner_0002.png
Vladimir_Putin/Vladimir_Putin_0022.png
Takashi_Sorimachi/Takashi_Sorimachi_0002.png
Mahathir_Mohamad/Mahathir_Mohamad_0009.png
Iain_Richmond/Iain_Richmond_0001.png
Naomi_Watts/Naomi_Watts_0021.png
Angela_Merkel/Angela_Merkel_0001.png
Edward_Kennedy/Edward_Kennedy_0002.png
Richard_Virenque/Richard_Virenque_0001.png
Michael_Weiss/Michael_Weiss_0001.png
Daniel_Day-Lewis/Daniel_Day-Lewis_0001.png
Kyle_Shewfelt/Kyle_Shewfelt_0001.png
Joe_Vandever/Joe_Vandever_0001.png
Yishan_Zhang/Yishan_Zhang_0001.png
Kemal_Dervis/Kemal_Dervis_0001.png
Gerhard_Schroeder/Gerhard_Schroeder_0074.png
Ernest_Hollings/Ernest_Hollings_0001.png
Peter_Hartz/Peter_Hartz_0001.png
Jennifer_Thompson/Jennifer_Thompson_0002.png
Janet_Napolitano/Janet_Napolitano_0003.png
George_W_Bush/George_W_Bush_0241.png
Robert_Wagner/Robert_Wagner_0001.png
Ruben_Wolkowyski/Ruben_Wolkowyski_0001.png
Jeremy_Greenstock/Jeremy_Greenstock_0004.png
Tatiana_Shchegoleva/Tatiana_Shchegoleva_0001.png
Norm_Coleman/Norm_Coleman_0004.png
Keanu_Reeves/Keanu_Reeves_0010.png
Jay_Garner/Jay_Garner_0001.png
Donald_Rumsfeld/Donald_Rumsfeld_0034.png
Kelly_Ripa/Kelly_Ripa_0001.png
Gerhard_Schroeder/Gerhard_Schroeder_0101.png
Jodie_Foster/Jodie_Foster_0003.png
Norah_Jones/Norah_Jones_0005.png
Paul_Hogan/Paul_Hogan_0002.png
Garth_Drabinsky/Garth_Drabinsky_0001.png
Peter_OToole/Peter_OToole_0001.png
Nadia_Petrova/Nadia_Petrova_0005.png
Javier_Weber/Javier_Weber_0003.png
Silvio_Berlusconi/Silvio_Berlusconi_0010.png
Jafar_Umar_Thalib/Jafar_Umar_Thalib_0001.png
Francis_Mer/Francis_Mer_0002.png
Spencer_Abraham/Spencer_Abraham_0012.png
Jamie_Dimon/Jamie_Dimon_0001.png
Gordon_Lightfoot/Gordon_Lightfoot_0001.png
Petria_Thomas/Petria_Thomas_0002.png
Goran_Persson/Goran_Persson_0001.png
Jennifer_Aniston/Jennifer_Aniston_0007.png
Kate_Starbird/Kate_Starbird_0001.png
Prospero_Pichay/Prospero_Pichay_0001.png
Keith_Urban/Keith_Urban_0001.png
Tom_Ridge/Tom_Ridge_0027.png
Antonio_Banderas/Antonio_Banderas_0004.png
Colin_Powell/Colin_Powell_0032.png
John_Kerry/John_Kerry_0015.png
Iain_Duncan_Smith/Iain_Duncan_Smith_0001.png
Maha_Habib/Maha_Habib_0001.png
Boris_Becker/Boris_Becker_0003.png
Mekhi_Phifer/Mekhi_Phifer_0001.png
Harrison_Ford/Harrison_Ford_0010.png
Jose_Manuel_Durao_Barroso/Jose_Manuel_Durao_Barroso_0002.png
Eve_Pelletier/Eve_Pelletier_0002.png
James_Young/James_Young_0001.png
George_W_Bush/George_W_Bush_0038.png
Monique_Garbrecht-Enfeldt/Monique_Garbrecht-Enfeldt_0002.png
Luis_Guzman/Luis_Guzman_0001.png
Tom_Daschle/Tom_Daschle_0001.png
Alvaro_Uribe/Alvaro_Uribe_0003.png
Farouk_al-Sharaa/Farouk_al-Sharaa_0001.png
Carolyn_Dawn_Johnson/Carolyn_Dawn_Johnson_0003.png
George_W_Bush/George_W_Bush_0458.png
Ben_Affleck/Ben_Affleck_0001.png
Kevin_Spacey/Kevin_Spacey_0005.png
Colin_Powell/Colin_Powell_0197.png
Junichiro_Koizumi/Junichiro_Koizumi_0001.png
Bill_Self/Bill_Self_0001.png
Chen_Tsai-chin/Chen_Tsai-chin_0001.png
Jamie_Villafane/Jamie_Villafane_0002.png
Felix_Mantilla/Felix_Mantilla_0002.png
Abdullah_Gul/Abdullah_Gul_0008.png
Reggie_Lewis/Reggie_Lewis_0001.png
Colin_Powell/Colin_Powell_0030.png
Mian_Khursheed_Mehmood_Kasuri/Mian_Khursheed_Mehmood_Kasuri_0001.png
Ann_Morgan/Ann_Morgan_0001.png
Christine_Baumgartner/Christine_Baumgartner_0002.png
Dave_Barr/Dave_Barr_0001.png
Jia_Qinglin/Jia_Qinglin_0002.png
Laura_Bush/Laura_Bush_0040.png
Ron_Zook/Ron_Zook_0001.png
Ismail_Merchant/Ismail_Merchant_0001.png
William_Ford_Jr/William_Ford_Jr_0007.png
Kara_Lynn_Joyce/Kara_Lynn_Joyce_0001.png
George_W_Bush/George_W_Bush_0053.png
Serena_Williams/Serena_Williams_0040.png
Lenny_Wilkens/Lenny_Wilkens_0003.png
Hermann_Maier/Hermann_Maier_0001.png
Brandon_Larson/Brandon_Larson_0001.png
Laura_Bush/Laura_Bush_0020.png
Alessandra_Cerna/Alessandra_Cerna_0001.png
Gus_Van_Sant/Gus_Van_Sant_0001.png
Billy_Bob_Thornton/Billy_Bob_Thornton_0001.png
Alexandre_Despatie/Alexandre_Despatie_0001.png
Saied_Hadi_al_Mudarissi/Saied_Hadi_al_Mudarissi_0001.png
Lino_Oviedo/Lino_Oviedo_0003.png
Rod_Bryden/Rod_Bryden_0001.png
Chris_Neil/Chris_Neil_0001.png
Rob_Marshall/Rob_Marshall_0003.png
Michael_Winterbottom/Michael_Winterbottom_0003.png
Tom_Welch/Tom_Welch_0001.png
Adrian_McPherson/Adrian_McPherson_0001.png
Salman_Rushdie/Salman_Rushdie_0002.png
Lance_Armstrong/Lance_Armstrong_0002.png
Lee_Soo-hyuck/Lee_Soo-hyuck_0001.png
Bob_Crippen/Bob_Crippen_0001.png
Mahmoud_Abbas/Mahmoud_Abbas_0019.png
Scott_McNealy/Scott_McNealy_0001.png
Mahmoud_Abbas/Mahmoud_Abbas_0009.png
Ben_Affleck/Ben_Affleck_0002.png
Charles_Ingram/Charles_Ingram_0001.png
Oswald_Gruebel/Oswald_Gruebel_0001.png
Arnold_Schwarzenegger/Arnold_Schwarzenegger_0025.png
Lleyton_Hewitt/Lleyton_Hewitt_0003.png
Lene_Espersen/Lene_Espersen_0001.png
Tony_Blair/Tony_Blair_0033.png
Sophia_Loren/Sophia_Loren_0004.png
Patricia_Johnson/Patricia_Johnson_0001.png
Nick_Nolte/Nick_Nolte_0001.png
Frank_Solich/Frank_Solich_0003.png
Jacques_Rogge/Jacques_Rogge_0006.png
Demetrius_Ferraciu/Demetrius_Ferraciu_0001.png
Abel_Aguilar/Abel_Aguilar_0001.png
Miroljub/Miroljub_0001.png
Dick_Latessa/Dick_Latessa_0001.png
Winona_Ryder/Winona_Ryder_0012.png
Taufik_Hidayat/Taufik_Hidayat_0001.png
Lope_Mendoza/Lope_Mendoza_0001.png
Enola_Rice/Enola_Rice_0001.png
Chanda_Rubin/Chanda_Rubin_0005.png
Emilio_Azcarraga_Jean/Emilio_Azcarraga_Jean_0001.png
Hatsui_Hasuike/Hatsui_Hasuike_0001.png
Joe_Lieberman/Joe_Lieberman_0013.png
George_W_Bush/George_W_Bush_0331.png
Meryl_Streep/Meryl_Streep_0009.png
Heather_Willson/Heather_Willson_0001.png
Colin_Powell/Colin_Powell_0067.png
George_Lopez/George_Lopez_0003.png
Jimmy_Carter/Jimmy_Carter_0003.png
Masum_Turker/Masum_Turker_0001.png
Kelvin_Sampson/Kelvin_Sampson_0003.png
Sergey_Lavrov/Sergey_Lavrov_0007.png
Hans_Blix/Hans_Blix_0010.png
Tony_Blair/Tony_Blair_0051.png
Anne_Heche/Anne_Heche_0001.png
Hugo_Chavez/Hugo_Chavez_0018.png
Tony_Blair/Tony_Blair_0117.png
Colin_Powell/Colin_Powell_0199.png
Shamai_Leibowitz/Shamai_Leibowitz_0001.png
Sharon_Frey/Sharon_Frey_0002.png
Gerhard_Schroeder/Gerhard_Schroeder_0004.png
Naji_Sabri/Naji_Sabri_0006.png
Julie_Gerberding/Julie_Gerberding_0007.png
George_Gregan/George_Gregan_0001.png
Woody_Allen/Woody_Allen_0004.png
Hans_Blix/Hans_Blix_0007.png
Alejandro_Toledo/Alejandro_Toledo_0010.png
Cyndi_Thompson/Cyndi_Thompson_0001.png
Donna_Ralston/Donna_Ralston_0001.png
Jean-Sebastien_Giguere/Jean-Sebastien_Giguere_0001.png
Gunter_Pleuger/Gunter_Pleuger_0005.png
